2,1.0,0.9869882599893931,[ 3  2  1  5  7  6  4 10  9  8],0.9869882599893931,[ 1  2  3  5  7  6  4 10  9  8],0.9810728717456991,[ 3  2  6  1  4  5  8  7  9 10],0.296875,0.29004645347595215,36.859375,37.437138080596924,1.0,0.004551885860891169,[ 1  2  3  4  7  6  5  9 10  8],0.004551885860891169,[ 1  2  3  4  7  6  5 10  9  8],0.0010737849813144962,[ 3  2  1  5  4  7  6  8  9 10],0.3125,0.304689884185791,37.296875,38.8865852355957,1.0,0.35322947328650045,[ 1  2  3  4  7  6  5  9 10  8],0.35322947328650045,[ 1  2  3  4  7  6  5 10  9  8],0.1497488832713697,[ 3  2  4  1  5  6  7  8  9 10],0.3125,0.3031880855560303,35.625,35.645124197006226
3,0.9936111018529961,0.9953914469509343,[ 1  2  3  6  4  5  9  7 10  8],0.995446046332254,[ 1  2  3  5  6  4 10  7  9  8],0.9869000685965953,[ 3  2  1  7  6  5  4  8  9 10],0.421875,0.4299280643463135,38.921875,40.38590908050537,0.6148057970966965,0.00802616283235158,[ 1  2  3  6  4  7  5 10  9  8],0.011939003307818719,[ 1  2  3  4  6  5  9  7 10  8],0.0017809052731777575,[ 3  1  4  2  7  6  5  8  9 10],0.328125,0.3475077152252197,37.65625,37.95567321777344,1.0,0.7512510266045482,[ 1  2  3  4  6  5  8  7 10  9],0.7512510266045482,[ 1  2  3  4  6  5  9  7 10  8],0.18935031036552152,[ 3  2  1  6  7  5  4  8  9 10],0.625,0.6227762699127197,36.4375,36.434765100479126
4,1.0,0.9982751170222532,[ 1  3  4  2  6  5 10  7  9  8],0.9982751170222532,[ 1  3  4  2  6  5 10  7  9  8],0.9894029525529691,[ 3  2  7  1  6  5  4  8  9 10],0.75,0.7774105072021484,37.984375,38.978214263916016,0.5625780571316495,0.011503190878603298,[ 1  2  3  4  7  6  5 10  9  8],0.01793311294773492,[ 1  2  3  4  6  5  9  7 10  8],0.003233525572286733,[ 3  2  1  7  6  5  4  8  9 10],0.34375,0.33895111083984375,37.8125,38.24608039855957,1.0,0.9052970571655103,[ 2  3  4  1  6  5 10  7  9  8],0.9052970571655103,[ 1  3  4  2  6  5 10  7  9  8],0.2724846573630637,[ 3  2  7  1  6  5  4  8  9 10],0.546875,0.543586015701294,39.296875,41.3938250541687
5,1.0,0.9964942795085401,[ 1  2  3  4  6  5  8  7  9 10],0.9964942795085401,[ 1  2  3  4  6  5 10  7  9  8],0.9910455360310472,[ 3  2  1  4  6  7  5  8  9 10],0.765625,0.7866060733795166,38.296875,39.46027851104736,0.684957850439322,0.009921118963190367,[ 2  1  3  4  6  7  5 10  9  8],0.013039757978138944,[ 1  2  3  4  5  6  9  7 10  8],0.0031406412431322916,[ 3  2  1  4  7  6  5  8  9 10],0.265625,0.27365660667419434,38.515625,40.97897791862488,1.0,0.7906469701805641,[ 1  2  3  4  5  6  8  7  9 10],0.7906469701805641,[ 1  2  3  4  5  6  9  7 10  8],0.37684440067666014,[ 3  2  1  4  7  6  5  8  9 10],0.4375,0.4533665180206299,38.40625,39.20050048828125
6,1.0,0.9931190023123523,[ 2  1  4  3  5  6 10  7  9  8],0.9931190023123523,[ 1  2  4  3  5  6 10  7  9  8],0.98468203905036,[ 3  2  7  1  5  4  8  6  9 10],0.421875,0.4474318027496338,37.328125,38.612295389175415,1.0,0.009226257150089734,[ 1  2  3  4  7  6  5  9  8 10],0.009226257150089734,[ 1  2  3  4  7  6  5 10  9  8],0.0018993918811424093,[ 3  2  5  1  6  7  9  4  8 10],0.484375,0.4768486022949219,37.4375,37.95920181274414,0.9889943611676018,0.571288128195127,[ 1  3  2  4  7  6  5 10  9  8],0.5756487874963377,[ 1  2  3  4  6  7  5 10  9  8],0.17942832563873845,[ 3  2  7  1  4  5  8  6  9 10],0.328125,0.33011651039123535,39.515625,40.84864568710327
7,1.0,0.996194342880919,[ 1  2  3  5  6  4  8  7 10  9],0.996194342880919,[ 1  2  3  5  6  4 10  7  9  8],0.9899731311891661,[ 3  2  1  5  7  6  4  8  9 10],0.421875,0.4276719093322754,37.6875,38.18297743797302,0.7084347522008168,0.009354041486748232,[ 2  1  7  3  6  5  4 10  9  8],0.012328267624884148,[ 1  2  3  4  6  5  9  7 10  8],0.0021273737920758373,[ 3  2  1  4  6  7  5  8  9 10],0.34375,0.3359839916229248,37.859375,38.34340286254883,1.0,0.767488118620766,[ 1  2  3  4  6  5  9  7 10  8],0.767488118620766,[ 1  2  3  4  6  5 10  7  9  8],0.31938996134722064,[ 3  2  1  4  6  7  5  8  9 10],0.640625,0.6309750080108643,38.28125,39.18881130218506
8,1.0,0.9939767074839108,[ 2  1  4  3  5  6  7 10  9  8],0.9939767074839108,[ 1  2  4  3  5  6  7 10  9  8],0.9877330649931566,[ 3  2  1  7  6  5  4  8  9 10],0.3125,0.3161203861236572,37.9375,39.542048931121826,1.0,0.00805659988668428,[ 3  1  2  5  6  7  4 10  9  8],0.00805659988668428,[ 1  2  3  5  6  7  4 10  9  8],0.0029446953255527486,[ 3  2  6  1  7  5  8  4  9 10],0.3125,0.30895328521728516,37.3125,37.46293330192566,1.0,0.6065360760376315,[ 2  1  4  3  5  6  7 10  9  8],0.6065360760376315,[ 1  2  4  3  5  6  7 10  9  8],0.2860110562454351,[ 3  2  1  6  5  4  8  7  9 10],0.359375,0.3826301097869873,38.15625,39.49949550628662
9,0.9901277232089714,0.9793463958495515,[ 1  2  3  4  5  7  6 10  8  9],0.979414330572943,[ 1  2  3  4  6  7  5 10  9  8],0.9725329672532638,[ 3  2  7  1  5  4  8  6  9 10],0.328125,0.3287539482116699,37.25,37.442280530929565,1.0,0.002140104092098971,[ 1  2  3  4  7  6  5 10  8  9],0.002140104092098971,[ 1  2  3  4  7  6  5 10  9  8],0.0003461074239056172,[ 3  2  1  5  4  6  7  8  9 10],0.421875,0.4181690216064453,37.34375,37.6143798828125,1.0,0.16988017467837802,[ 1  2  3  4  7  6  5 10  8  9],0.16988017467837802,[ 1  2  3  4  7  6  5 10  9  8],0.041467350157107674,[ 3  2  5  1  4  6  7  8  9 10],0.53125,0.5448346138000488,38.90625,39.630720138549805
10,1.0,0.9928071793510105,[ 1  2  3  5  4  7  6 10  9  8],0.9928071793510105,[ 1  2  3  4  7  6  5 10  9  8],0.9826477079817423,[ 3  2  7  1  5  4  8  6  9 10],0.359375,0.3600339889526367,37.6875,38.753934144973755,1.0,0.00941542328244338,[ 1  2  3  4  7  6  5  8 10  9],0.00941542328244338,[ 1  2  3  4  7  6  5 10  9  8],0.0009573157700126789,[ 3  2  1  4  5  7  6  8  9 10],0.328125,0.335996150970459,37.796875,39.01985573768616,1.0,0.620789055548586,[ 1  2  3  5  4  7  6 10  9  8],0.620789055548586,[ 1  2  3  4  7  6  5 10  9  8],0.15564080865423713,[ 3  2  1  5  6  7  4  8  9 10],0.359375,0.3548462390899658,38.421875,39.193435192108154
11,1.0,0.9934396642150689,[ 1  2  7  3  6  5 10  4  9  8],0.9934396642150689,[ 1  2  7  3  6  5 10  4  9  8],0.9826849620464343,[ 3  2  4  1  5  6  8  7  9 10],0.359375,0.3621788024902344,38.203125,39.08472990989685,0.8275482261627021,0.007620989744219764,[ 1  2  3  4  6  7  5 10  9  8],0.008973478993196782,[ 1  3  7  2  5  6  4 10  9  8],0.0011307690060380349,[ 3  1  4  2  6  5  7  8  9 10],0.296875,0.29270386695861816,37.0625,37.412962436676025,1.0,0.5801526434005713,[ 1  2  7  3  5  4  9  6 10  8],0.5801526434005713,[ 1  2  7  3  5  6  9  4 10  8],0.09475470661371543,[ 3  1  4  2  5  6  8  7  9 10],0.40625,0.46399497985839844,39.40625,41.62240123748779
12,1.0,0.9972077709075929,[ 1  3  6  2  7  5  4  9 10  8],0.9972077709075929,[ 1  3  6  2  7  5  4 10  9  8],0.9870094913362447,[ 3  2  1  6  7  5  8  4  9 10],0.421875,0.4404008388519287,37.59375,37.80597543716431,1.0,0.014912024352834785,[ 3  1  6  2  7  5  4 10  9  8],0.014912024352834785,[ 1  3  6  2  7  5  4 10  9  8],0.0009166817581972575,[ 3  2  1  6  7  5  8  4  9 10],0.4375,0.43216872215270996,37.359375,38.04759621620178,1.0,0.885107164468709,[ 3  2  6  1  7  5  4 10  9  8],0.885107164468709,[ 1  3  6  2  7  5  4 10  9  8],0.10628353827987258,[ 3  2  1  6  7  5  8  4  9 10],0.46875,0.46633338928222656,37.625,38.047544956207275
13,0.9924845067370393,0.9989734840937808,[ 1  3  6  2  4  7  5 10  9  8],0.9989894707027983,[ 1  2  3  5  7  4 10  6  9  8],0.9968623170406083,[ 3  2  1  4  5  6  7  8  9 10],0.640625,0.6444804668426514,38.0,38.3319365978241,0.9849633979455137,0.02145724361072454,[ 2  3  1  4  7  6  5 10  9  8],0.021617383131770196,[ 1  2  3  4  6  5  9  7 10  8],0.010967402473548549,[ 3  2  1  5  4  6  7  8  9 10],0.296875,0.2913229465484619,37.28125,37.75715160369873,0.9752143506361364,0.9388203365639886,[ 3  1  6  2  4  7  5 10  9  8],0.9437915458001915,[ 1  2  3  5  7  4 10  6  9  8],0.7432235008309609,[ 3  2  1  4  5  7  6  8  9 10],0.421875,0.42637109756469727,36.046875,36.22450518608093
14,0.8961941295272567,0.9944194131397924,[ 1  2  3  4  5  7  6 10  9  8],0.9953726704984752,[ 1  2  4  3  6  5 10  7  9  8],0.9861895929486069,[ 3  2  7  1  6  5  8  4  9 10],0.3125,0.31115150451660156,36.78125,36.92931079864502,1.0,0.010184530644995249,[ 2  3  1  4  7  6  5 10  9  8],0.010184530644995249,[ 1  2  3  4  7  6  5 10  9  8],0.0021008340191747132,[ 3  1  5  2  7  6  9  4  8 10],0.296875,0.30519771575927734,36.5625,36.894922971725464,1.0,0.6866642920619193,[ 1  2  4  3  6  5 10  7  9  8],0.6866642920619193,[ 1  3  4  2  6  5 10  7  9  8],0.21486726951816804,[ 3  2  7  1  6  5  8  4  9 10],0.828125,0.8145191669464111,36.765625,37.00264763832092
15,0.9471906327973211,0.9862642214149543,[ 1  2  3  4  5  7  6  8  9 10],0.9866730345100612,[ 1  2  3  4  5  6 10  7  9  8],0.9789317356314384,[ 3  2  7  1  6  5  4  8  9 10],0.34375,0.3475155830383301,38.296875,38.60195064544678,0.868517458726718,0.0036068913791696966,[ 1  2  3  4  6  7  5 10  8  9],0.004052218968434884,[ 1  2  3  4  5  6  9  7 10  8],0.0006652477024963188,[ 3  2  1  4  5  6  7  8  9 10],0.390625,0.3963034152984619,37.53125,38.03273892402649,0.8566981967108902,0.2990309199626985,[ 1  2  3  4  6  7  5 10  8  9],0.3329242000284601,[ 1  2  3  4  5  6  9  7 10  8],0.09640742712098782,[ 3  2  4  1  5  6  7  8  9 10],0.40625,0.4025285243988037,38.515625,38.92675995826721
16,1.0,0.9918947521159719,[ 1  2  3  5  7  6  4 10  9  8],0.9918947521159719,[ 1  2  3  5  7  6  4 10  9  8],0.9799703477046428,[ 3  2  7  1  5  4  8  6  9 10],0.3125,0.30219364166259766,36.515625,36.867435455322266,1.0,0.007664668538155728,[ 1  2  3  5  7  6  4 10  9  8],0.007664668538155728,[ 1  2  3  5  7  6  4 10  9  8],0.000761990073654295,[ 3  2  1  7  6  5  8  4  9 10],0.296875,0.2854936122894287,37.453125,38.31167531013489,1.0,0.5795352067149379,[ 1  2  3  5  7  6  4 10  9  8],0.5795352067149379,[ 1  2  3  5  7  6  4 10  9  8],0.08521110307939073,[ 3  2  1  7  6  5  4  8  9 10],0.328125,0.3544890880584717,37.8125,38.87001705169678
17,0.9730984249566316,0.9916632198796207,[ 1  2  7  3  6  5  9  4 10  8],0.9918286090798746,[ 1  2  6  3  5  4 10  7  9  8],0.9856806716454583,[ 3  2  1  6  7  5  4  8  9 10],0.359375,0.3494906425476074,37.5625,38.020236015319824,0.7510452640342322,0.006407161839549147,[ 1  2  3  5  6  7  4  8  9 10],0.008124977980571102,[ 1  3  7  2  5  6  4 10  9  8],0.0012248636511206223,[ 3  1  4  2  7  6  5  8  9 10],0.359375,0.37479257583618164,35.984375,36.59107971191406,1.0,0.5344676279215206,[ 1  3  7  2  4  5  6 10  9  8],0.5344676279215206,[ 1  3  7  2  5  6  4 10  9  8],0.17378289743455833,[ 3  2  1  5  6  7  9  4  8 10],0.640625,0.6399099826812744,37.390625,37.844335079193115
18,1.0,0.9982906932554919,[ 1  2  3  5  7  6  4  8  9 10],0.9982906932554919,[ 1  2  3  5  7  6  4 10  9  8],0.9912597379072825,[ 3  2  7  1  6  5  8  4  9 10],0.3125,0.31200313568115234,37.390625,37.68217468261719,1.0,0.017253582703907977,[ 1  2  3  5  7  6  4 10  9  8],0.017253582703907977,[ 1  2  3  5  7  6  4 10  9  8],0.003215148670390633,[ 3  2  1  6  7  5  4  8  9 10],0.3125,0.3177518844604492,38.421875,39.93780708312988,1.0,0.9171342247068776,[ 1  2  3  5  7  6  4  8  9 10],0.9171342247068776,[ 1  2  3  5  7  6  4 10  9  8],0.3188195874469021,[ 3  2  1  7  6  5  8  4  9 10],0.375,0.3734772205352783,37.265625,37.395031213760376
19,1.0,0.9944454101363347,[ 2  1  3  7  6  5 10  4  9  8],0.9944454101363347,[ 1  2  3  7  6  5 10  4  9  8],0.9826672996028419,[ 3  2  1  4  5  6  8  7  9 10],0.328125,0.32846999168395996,38.65625,39.05673599243164,1.0,0.009975800008913294,[ 3  1  2  4  6  7  5 10  9  8],0.009975800008913294,[ 1  2  3  4  6  7  5 10  9  8],0.0015246700909370414,[ 3  2  4  1  5  6  7  8  9 10],0.328125,0.32015180587768555,38.265625,40.31750965118408,1.0,0.6257103990327638,[ 1  2  3  5  7  6  4  9 10  8],0.6257103990327638,[ 1  2  3  5  7  6  4 10  9  8],0.12540708263914924,[ 3  2  1  4  5  6  8  7  9 10],0.34375,0.3430819511413574,37.1875,37.3681378364563
20,0.9654403739679657,0.996465092515329,[ 1  2  5  3  4  7  6 10  9  8],0.9967057027384078,[ 1  2  4  3  6  5 10  7  9  8],0.9897435260396286,[ 3  2  7  1  6  5  4  8  9 10],0.296875,0.2985067367553711,37.96875,38.298744440078735,1.0,0.013796522566943192,[ 3  1  2  5  7  6  4 10  9  8],0.013796522566943192,[ 1  2  3  5  7  6  4 10  9  8],0.0035482369697510396,[ 3  2  5  1  6  7  9  4  8 10],0.28125,0.283203125,36.609375,36.808863401412964,0.9623651240322304,0.762256966524254,[ 1  2  7  3  4  6 10  5  9  8],0.7793013363887281,[ 1  3  4  2  6  5 10  7  9  8],0.3264137042075864,[ 3  2  7  1  6  5  8  4  9 10],0.5,0.513981819152832,36.328125,36.589752197265625
21,1.0,0.9846459711462952,[ 1  2  3  5  6  7  8  4 10  9],0.9846459711462952,[ 1  2  3  5  6  7 10  4  9  8],0.9736379589915398,[ 3  2  7  1  4  5  6  8  9 10],0.375,0.38282251358032227,37.265625,37.57560706138611,1.0,0.0037621944969816745,[ 1  2  3  5  6  7  4 10  9  8],0.0037621944969816745,[ 1  2  3  4  6  7  5 10  9  8],0.00037857480693537227,[ 3  2  4  1  5  6  8  7  9 10],0.265625,0.26921629905700684,36.84375,37.26049447059631,1.0,0.2742591093208625,[ 1  2  3  5  6  7  4 10  9  8],0.2742591093208625,[ 1  2  3  4  6  7  5 10  9  8],0.02915248136754567,[ 3  2  1  4  5  6  7  8  9 10],0.3125,0.31615376472473145,37.046875,37.24184703826904
22,0.9975660391626434,0.992532725807101,[ 1  3  2  5  7  6  4 10  9  8],0.9925516005625593,[ 1  2  3  6  7  5  4 10  9  8],0.9847968515260613,[ 3  2  5  1  4  6  8  7  9 10],0.296875,0.30777454376220703,36.375,36.71669840812683,1.0,0.007813579387665248,[ 3  1  2  4  7  6  5 10  9  8],0.007813579387665248,[ 1  2  3  4  7  6  5 10  9  8],0.0021008239164410636,[ 3  2  1  7  6  5  8  4  9 10],0.5,0.5162353515625,38.421875,40.12347722053528,0.9997127212084258,0.5622778221648264,[ 1  3  2  5  7  6  4 10  9  8],0.5623754810294167,[ 1  2  3  4  7  6  5 10  9  8],0.22243091340152144,[ 3  2  1  6  4  5  8  7  9 10],0.375,0.377866268157959,37.90625,38.25961518287659
23,1.0,0.9939594017860629,[ 1  2  5  3  4  7  6 10  9  8],0.9939594017860629,[ 1  2  4  3  5  6  7 10  9  8],0.9868328849817495,[ 3  2  7  1  6  5  4  8  9 10],0.34375,0.3414154052734375,36.5625,36.70312571525574,1.0,0.00869064332659164,[ 1  2  3  5  4  7  6 10  9  8],0.00869064332659164,[ 1  2  3  4  7  6  5 10  9  8],0.0030131803682550418,[ 3  2  1  7  6  5  8  4  9 10],0.28125,0.2762608528137207,38.671875,40.16930031776428,1.0,0.5975709587843403,[ 3  2  4  1  5  6  7 10  9  8],0.5975709587843403,[ 1  2  4  3  5  6  7 10  9  8],0.2792898618961954,[ 3  2  7  1  6  4  5  8  9 10],0.296875,0.30019664764404297,38.09375,38.59762454032898
24,1.0,0.9980876881627254,[ 1  2  4  3  6  5 10  7  8  9],0.9980876881627254,[ 1  2  4  3  6  5 10  7  9  8],0.9889221745014568,[ 3  2  7  1  6  5  4  8  9 10],0.484375,0.4838423728942871,35.8125,36.21836495399475,0.6042958764129815,0.011186361315496995,[ 1  3  2  5  6  7  4 10  9  8],0.01555009362192139,[ 1  2  3  4  6  5  9  7 10  8],0.004522328060957315,[ 3  2  1  7  6  4  5  8  9 10],0.34375,0.35166192054748535,37.546875,38.35275673866272,1.0,0.8785020143882695,[ 1  3  4  2  6  5 10  7  9  8],0.8785020143882695,[ 1  3  4  2  6  5 10  7  9  8],0.30714070445897745,[ 3  2  7  1  6  5  4  8  9 10],0.578125,0.5880608558654785,38.625,39.60809397697449
25,1.0,0.9919448329396658,[ 3  2  1  4  6  7  5 10  9  8],0.9919448329396658,[ 1  2  3  4  6  7  5 10  9  8],0.985068845441621,[ 3  2  7  1  5  4  8  6  9 10],0.359375,0.3538486957550049,36.0625,36.24674129486084,1.0,0.007965061623550262,[ 3  2  1  4  6  7  5 10  9  8],0.007965061623550262,[ 1  2  3  4  6  7  5 10  9  8],0.0020989619591987863,[ 3  1  5  2  7  6  9  4  8 10],0.296875,0.30179691314697266,36.796875,37.073240518569946,1.0,0.5522872640001915,[ 3  2  1  4  6  7  5 10  9  8],0.5522872640001915,[ 1  2  3  4  6  7  5 10  9  8],0.222140549001814,[ 3  2  7  1  5  4  8  6  9 10],0.40625,0.40593624114990234,37.890625,38.5187885761261
26,1.0,0.9956445876771811,[ 1  2  3  4  6  7 10  5  9  8],0.9956445876771811,[ 1  2  3  5  7  4 10  6  9  8],0.9898062789540443,[ 3  2  7  1  5  4  8  6  9 10],0.421875,0.4207956790924072,36.375,36.57687973976135,0.9992208708193359,0.012853396986546084,[ 1  2  3  6  5  7  4 10  9  8],0.012860864760516955,[ 1  2  3  5  6  7  4 10  9  8],0.0032760947939948215,[ 3  2  4  1  5  6  7  8  9 10],0.328125,0.3487818241119385,37.3125,38.63619256019592,1.0,0.7339446298980301,[ 1  2  3  5  6  7  4 10  8  9],0.7339446298980301,[ 1  2  3  5  6  7  4 10  9  8],0.34803377421134385,[ 3  2  1  6  7  5  8  4  9 10],0.546875,0.5436725616455078,38.96875,41.647021770477295
27,0.9976903630908487,0.9989186807236015,[ 1  3  7  2  6  4 10  5  9  8],0.9989243242396104,[ 1  2  5  3  6  4 10  7  9  8],0.9964808596471472,[ 3  2  1  6  7  5  9  4  8 10],0.578125,0.6005294322967529,37.640625,38.44903612136841,0.815713896853042,0.019446601740132352,[ 1  2  3  6  5  7  4 10  9  8],0.02178559249067269,[ 1  2  3  4  6  5  9  7 10  8],0.009093421401270896,[ 3  1  4  2  7  5  6  8  9 10],0.375,0.3687877655029297,37.15625,38.07417368888855,1.0,0.9375417939924351,[ 1  3  7  2  6  4 10  5  9  8],0.9375417939924351,[ 1  3  5  2  6  4 10  7  9  8],0.7102950813095383,[ 3  2  1  5  6  7  9  4  8 10],0.59375,0.603147029876709,39.875,42.17078900337219
28,1.0,0.9973209103013291,[ 2  1  7  3  6  5 10  4  9  8],0.9973209103013291,[ 1  2  7  3  6  5 10  4  9  8],0.9905214825759547,[ 3  2  5  1  4  6  7  8  9 10],0.34375,0.37836480140686035,36.453125,36.75691294670105,0.9956251290334636,0.014628661676114652,[ 1  2  3  4  7  6  5 10  9  8],0.01467102845245527,[ 1  2  3  4  6  7  5 10  9  8],0.004986908243040156,[ 3  2  1  4  5  7  9  6  8 10],0.546875,0.5472197532653809,36.5625,37.389957904815674,1.0,0.8145172452653942,[ 2  1  7  3  6  5 10  4  9  8],0.8145172452653942,[ 1  2  7  3  6  5 10  4  9  8],0.37319757308309,[ 3  2  5  1  4  6  7  8  9 10],0.40625,0.42386603355407715,38.71875,40.578866958618164
29,1.0,0.9972663494986422,[ 1  2  3  7  4  6  9  5 10  8],0.9972663494986422,[ 1  2  3  7  4  6 10  5  9  8],0.9929154449735944,[ 3  2  4  1  5  6  8  7  9 10],0.71875,0.7253434658050537,35.984375,36.06396698951721,0.9924488999282758,0.015464792835005126,[ 1  2  3  4  5  7  6 10  9  8],0.015543235579053127,[ 1  2  3  4  6  7  5 10  9  8],0.005154981774585954,[ 3  2  1  4  6  7  8  5  9 10],0.28125,0.27541446685791016,38.6875,40.18999791145325,1.0,0.82346706119636,[ 1  2  3  6  5  7  4 10  9  8],0.82346706119636,[ 1  2  3  4  6  7  5 10  9  8],0.4990397260262719,[ 3  2  1  4  5  6  8  7  9 10],0.390625,0.41616368293762207,37.828125,38.42955279350281
30,0.9746101074894141,0.9972285284857075,[ 1  2  3  4  7  5 10  6  8  9],0.9973916258503885,[ 1  2  3  5  7  4 10  6  9  8],0.9909679135557025,[ 3  2  1  7  6  5  8  4  9 10],0.546875,0.539306640625,35.421875,35.74106025695801,0.8306012159535558,0.011871644859350439,[ 1  2  3  5  7  6  4 10  8  9],0.013487489211917336,[ 1  2  3  4  6  5  9  7 10  8],0.0039487882013842235,[ 3  2  4  1  5  6  7  8  9 10],0.328125,0.33798789978027344,38.375,40.16771960258484,0.997281046398248,0.8552602562252432,[ 3  1  2  5  7  4  9  6 10  8],0.8565696552000692,[ 1  2  3  5  7  4 10  6  9  8],0.37498770618029864,[ 3  2  1  7  6  5  8  4  9 10],0.453125,0.45179033279418945,38.984375,40.794792890548706
31,0.9982994314861248,0.9977644436144348,[ 1  2  3  4  6  5  8  7  9 10],0.9977850946890757,[ 1  3  4  2  6  5 10  7  9  8],0.9856414647956655,[ 3  2  7  1  6  5  4  8  9 10],0.328125,0.3331584930419922,36.21875,36.55629062652588,0.7811904500310376,0.011553392538731888,[ 1  2  3  5  7  6  4 10  9  8],0.014340696734419733,[ 1  2  3  4  6  5  9  7 10  8],0.001602202477275938,[ 3  1  4  2  7  6  5  8  9 10],0.359375,0.3650546073913574,39.984375,42.68741011619568,0.9985574020626647,0.901102943488981,[ 1  2  3  7  4  5  9  6 10  8],0.9021765644889057,[ 1  2  3  4  5  7  9  6 10  8],0.15794910364290704,[ 3  2  7  1  6  5  4  8  9 10],0.640625,0.6629683971405029,38.65625,39.423938512802124
32,0.9977805382025001,0.9985750616877958,[ 1  3  5  2  7  4  6  9  8 10],0.9985824410424888,[ 1  3  6  2  7  4  5 10  9  8],0.9952576013442364,[ 3  2  4  1  5  6  8  7  9 10],0.359375,0.36879944801330566,36.09375,36.330817222595215,0.9771815818170152,0.0193994501935143,[ 1  2  3  4  7  6  5 10  9  8],0.019687065717436503,[ 1  3  7  2  6  5  4 10  9  8],0.007082531887976251,[ 3  1  4  2  5  7  6  8  9 10],0.421875,0.4532155990600586,37.703125,38.1790874004364,1.0,0.9226476349714987,[ 1  3  6  2  7  5  4 10  9  8],0.9226476349714987,[ 1  3  6  2  7  5  4 10  9  8],0.617627026247654,[ 3  2  4  1  5  7  6  8  9 10],0.375,0.4062488079071045,36.609375,37.2301721572876
33,1.0,0.9935710574784419,[ 1  2  3  5  7  6 10  4  9  8],0.9935710574784419,[ 1  2  3  7  6  4 10  5  9  8],0.9832947334546825,[ 3  2  1  4  5  6  8  7  9 10],0.296875,0.29761338233947754,35.40625,35.63640213012695,1.0,0.00784990449390166,[ 1  2  3  4  7  6  5  9 10  8],0.00784990449390166,[ 1  2  3  4  7  6  5 10  9  8],0.0016000024751823272,[ 3  2  4  1  5  7  9  6  8 10],0.46875,0.508429765701294,43.96875,47.59313082695007,1.0,0.5900926906468,[ 1  2  3  6  7  5  4 10  9  8],0.5900926906468,[ 1  2  3  5  7  6  4 10  9  8],0.1548399404851375,[ 3  2  1  5  4  6  8  7  9 10],0.328125,0.3251338005065918,37.125,37.411370515823364
34,0.8953288350580124,0.991189859778534,[ 1  2  3  6  4  5  7 10  9  8],0.9922206968330454,[ 1  2  3  5  4  7  9  6 10  8],0.9823723584192838,[ 3  2  4  1  5  7  6  8  9 10],0.328125,0.32317304611206055,36.0,36.20230150222778,0.7405679187672936,0.006312069692046562,[ 2  1  3  4  6  7  5 10  9  8],0.008310914997827101,[ 1  2  3  4  5  6  9  7 10  8],0.0006062190470298434,[ 3  2  4  1  5  6  7  8  9 10],0.359375,0.3756694793701172,38.53125,40.06817436218262,1.0,0.5957788946688745,[ 1  2  3  6  7  5  9  4 10  8],0.5957788946688745,[ 1  2  3  4  5  7  9  6 10  8],0.055417071353101144,[ 3  2  4  1  5  7  6  8  9 10],0.796875,0.8969433307647705,36.890625,37.72319841384888
35,1.0,0.992377737774611,[ 1  2  5  3  4  6 10  7  9  8],0.992377737774611,[ 1  2  7  3  4  6 10  5  9  8],0.9860399071064164,[ 3  2  4  1  5  6  8  7  9 10],0.328125,0.32849836349487305,36.015625,36.17202711105347,0.8590654479789658,0.007282101108303962,[ 1  2  3  4  7  6  5  8  9 10],0.008120581317088482,[ 1  3  7  2  5  6  4 10  9  8],0.002171151622520906,[ 3  2  4  1  5  6  7  8  9 10],0.375,0.3745739459991455,37.8125,38.7581832408905,1.0,0.5641164253441446,[ 2  3  6  1  5  7  4 10  9  8],0.5641164253441446,[ 1  3  6  2  5  7  4 10  9  8],0.23708637411863287,[ 3  2  4  1  5  6  8  7  9 10],0.375,0.38496994972229004,36.96875,37.220709562301636
36,0.9759100748575198,0.9939354678633996,[ 1  2  7  3  5  6  4 10  9  8],0.9942067141894528,[ 1  2  4  3  5  6 10  7  9  8],0.9829469728474207,[ 3  2  7  1  6  5  8  4  9 10],0.3125,0.3126370906829834,36.015625,36.46674585342407,1.0,0.00950271075983422,[ 1  2  3  5  4  7  6 10  9  8],0.00950271075983422,[ 1  2  3  5  7  6  4 10  9  8],0.0015261981736224284,[ 3  2  1  7  6  5  4  8  9 10],0.296875,0.31078195571899414,40.046875,41.59503412246704,1.0,0.611215826956995,[ 1  2  3  5  6  7  4 10  8  9],0.611215826956995,[ 1  2  3  5  6  7  4 10  9  8],0.13147140661137013,[ 3  2  7  1  6  5  8  4  9 10],0.3125,0.3081784248352051,38.375,39.61491250991821
37,1.0,0.9965262579900508,[ 2  3  1  4  6  7  5 10  9  8],0.9965262579900508,[ 1  2  3  4  6  7  5 10  9  8],0.9903061314925958,[ 3  2  6  1  4  5  8  7  9 10],0.453125,0.4491136074066162,35.6875,35.97334051132202,1.0,0.013581570889637185,[ 2  3  1  4  6  7  5 10  9  8],0.013581570889637185,[ 1  2  3  4  6  7  5 10  9  8],0.003379693728309263,[ 3  2  4  1  5  6  7  8  9 10],0.46875,0.481428861618042,40.78125,43.662447690963745,1.0,0.7879616791763965,[ 1  2  3  4  6  7  5  9 10  8],0.7879616791763965,[ 1  2  3  4  6  7  5 10  9  8],0.380341349565647,[ 3  2  1  4  5  6  7  8  9 10],0.359375,0.35666823387145996,38.296875,39.0118567943573
38,1.0,0.9945691519090087,[ 1  3  4  2  5  6  8  7 10  9],0.9945691519090087,[ 1  3  4  2  5  6  9  7 10  8],0.9877820812503231,[ 3  2  7  1  6  5  4  8  9 10],0.609375,0.6134066581726074,37.484375,38.21769833564758,0.6043877674311229,0.008138693151358511,[ 1  2  3  4  7  5  6 10  9  8],0.01169686573787132,[ 1  2  3  4  6  5  9  7 10  8],0.002702774318078527,[ 3  2  4  1  5  7  6  8  9 10],0.40625,0.4234333038330078,38.5,39.04546070098877,0.5784354654305165,0.4993064432387393,[ 2  3  4  1  6  5  7 10  9  8],0.6726266132332813,[ 1  2  3  4  5  6  9  7 10  8],0.2614910556097192,[ 3  2  7  1  6  5  4  8  9 10],0.328125,0.333721399307251,36.75,37.064796924591064
39,1.0,0.9965111712622511,[ 1  2  5  3  7  4 10  6  8  9],0.9965111712622511,[ 1  2  5  3  7  4 10  6  9  8],0.992217389147336,[ 3  2  7  1  5  4  8  6  9 10],0.453125,0.4568352699279785,36.796875,37.08932042121887,1.0,0.013428782301140085,[ 2  1  3  5  7  6  4 10  9  8],0.013428782301140085,[ 1  2  3  5  7  6  4 10  9  8],0.005552063481430891,[ 3  2  5  1  7  6  9  4  8 10],0.28125,0.2866804599761963,39.5625,41.386549949645996,1.0,0.7608294003080274,[ 1  2  7  3  6  4 10  5  9  8],0.7608294003080274,[ 1  2  5  3  6  4 10  7  9  8],0.502340994804374,[ 3  2  7  1  6  5  4  8  9 10],0.421875,0.4295191764831543,37.8125,38.65849804878235
40,1.0,0.9934352585166485,[ 1  2  3  6  5  7  9  4 10  8],0.9934352585166485,[ 1  2  3  6  5  7 10  4  9  8],0.9869402510602137,[ 3  2  5  1  4  6  7  8  9 10],0.375,0.37833738327026367,38.671875,39.90458011627197,1.0,0.009093432270372293,[ 1  2  3  6  5  7  4 10  9  8],0.009093432270372293,[ 1  2  3  4  6  7  5 10  9  8],0.002544937976475148,[ 3  2  1  5  6  7  8  4  9 10],0.28125,0.28324222564697266,38.15625,38.66726517677307,1.0,0.591402335957856,[ 1  2  3  6  5  7  4 10  9  8],0.591402335957856,[ 1  2  3  4  6  7  5 10  9  8],0.26720081732085943,[ 3  2  4  1  5  6  8  7  9 10],0.375,0.3726325035095215,36.875,37.19382858276367
41,1.0,0.9906790987619983,[ 1  2  3  7  6  5 10  4  8  9],0.9906790987619983,[ 1  2  3  7  6  5 10  4  9  8],0.9776301636163445,[ 3  2  5  1  4  6  8  7  9 10],0.296875,0.3096001148223877,36.15625,36.33773684501648,1.0,0.006767832837912713,[ 1  2  3  6  5  4  7 10  9  8],0.006767832837912713,[ 1  2  3  4  6  7  5 10  9  8],0.0007020344093964237,[ 3  2  4  1  5  6  7  8  9 10],0.453125,0.4994330406188965,40.125,41.962496757507324,1.0,0.47666368677265447,[ 1  2  3  4  6  5  7 10  9  8],0.47666368677265447,[ 1  2  3  4  7  6  5 10  9  8],0.05681375470521066,[ 3  2  5  1  4  6  8  7  9 10],0.375,0.3746681213378906,36.5625,36.96382021903992
42,1.0,0.9953725413990152,[ 1  2  7  3  4  5 10  6  9  8],0.9953725413990152,[ 1  2  6  3  4  7 10  5  9  8],0.985662178760095,[ 3  2  7  1  5  4  6  8  9 10],0.34375,0.33219480514526367,36.75,37.073349714279175,1.0,0.009447290616923398,[ 1  2  3  6  7  5  4 10  9  8],0.009447290616923398,[ 1  2  3  5  6  7  4 10  9  8],0.002359948213283225,[ 3  2  1  6  4  5  8  7  9 10],0.3125,0.31826305389404297,38.640625,39.38546133041382,1.0,0.7022793922902013,[ 1  2  7  3  5  4 10  6  9  8],0.7022793922902013,[ 1  2  7  3  4  6 10  5  9  8],0.18693105760919615,[ 3  2  7  1  5  4  6  8  9 10],0.34375,0.3446652889251709,37.21875,37.522932052612305
43,1.0,0.9934154978584527,[ 1  2  7  3  4  6  5  9  8 10],0.9934154978584527,[ 1  2  7  3  4  6  5 10  9  8],0.9856514627745601,[ 3  2  1  4  5  6  8  7  9 10],0.34375,0.37012767791748047,36.515625,37.080480098724365,1.0,0.00907814959102371,[ 1  3  7  2  4  5  6 10  9  8],0.00907814959102371,[ 1  3  6  2  7  5  4 10  9  8],0.0012148234187003837,[ 3  2  1  6  7  5  4  8  9 10],0.75,0.769341230392456,40.453125,42.20352077484131,1.0,0.6272299352961044,[ 1  3  6  2  7  5  4 10  9  8],0.6272299352961044,[ 1  3  6  2  7  5  4 10  9  8],0.1870345926548479,[ 3  2  1  4  7  6  5  8  9 10],0.59375,0.6121430397033691,37.546875,38.01524829864502
44,1.0,0.9939811884753653,[ 1  2  5  3  4  7 10  6  9  8],0.9939811884753653,[ 1  2  5  3  6  4 10  7  9  8],0.9885853508611474,[ 3  2  6  1  4  5  8  7  9 10],0.28125,0.28878235816955566,35.671875,36.00184917449951,1.0,0.009825124250195438,[ 1  2  3  4  7  6  5  9  8 10],0.009825124250195438,[ 1  2  3  4  7  6  5 10  9  8],0.0033422433566977494,[ 3  2  1  6  5  7  9  4  8 10],0.28125,0.281247615814209,37.296875,37.67198610305786,1.0,0.6275233568933386,[ 1  2  3  4  6  7  5  9  8 10],0.6275233568933386,[ 1  2  3  4  6  7  5 10  9  8],0.34948631333817837,[ 3  2  5  1  4  6  7  8  9 10],0.3125,0.31213831901550293,37.484375,37.952818870544434
45,1.0,0.9899145318043822,[ 3  1  5  2  4  6  7 10  9  8],0.9899145318043822,[ 1  2  5  3  4  6  7 10  9  8],0.97821522924692,[ 3  2  7  1  6  5  4  8  9 10],0.359375,0.37125086784362793,36.34375,36.65801405906677,1.0,0.006738148475048167,[ 1  2  3  7  6  4  5 10  9  8],0.006738148475048167,[ 1  2  3  5  7  6  4 10  9  8],0.0007242192764271849,[ 3  2  5  1  6  7  9  4  8 10],0.296875,0.30452847480773926,39.390625,40.14874529838562,1.0,0.470918254136077,[ 1  2  3  4  6  7  5  8 10  9],0.470918254136077,[ 1  2  3  4  6  7  5 10  9  8],0.07615860852620937,[ 3  2  7  1  6  5  8  4  9 10],0.328125,0.33470749855041504,37.796875,38.06539869308472
46,1.0,0.9972796197396048,[ 2  1  3  5  7  6  4 10  9  8],0.9972796197396048,[ 1  2  3  5  7  6  4 10  9  8],0.9904845571589995,[ 3  2  6  1  4  5  8  7  9 10],0.328125,0.32590222358703613,36.703125,36.929931640625,1.0,0.01587955834543875,[ 1  2  3  4  6  7  5 10  9  8],0.01587955834543875,[ 1  2  3  4  7  6  5 10  9  8],0.003358499814707372,[ 3  2  4  1  5  7  6  8  9 10],0.28125,0.27696704864501953,37.28125,37.79276466369629,1.0,0.8500023508781847,[ 1  2  3  5  4  7  6 10  9  8],0.8500023508781847,[ 1  2  3  4  7  6  5 10  9  8],0.355255201238733,[ 3  2  6  1  4  5  8  7  9 10],0.296875,0.3051919937133789,37.8125,38.23875880241394
47,1.0,0.9972838955172917,[ 1  2  3  6  4  5  9  7 10  8],0.9972838955172917,[ 1  2  3  4  5  7  9  6 10  8],0.992681539760466,[ 3  2  7  1  6  5  4  8  9 10],0.328125,0.31804466247558594,36.84375,37.88610029220581,0.911255928321678,0.01497287880705811,[ 1  2  3  4  7  6  5 10  9  8],0.0160033642297982,[ 1  2  3  4  5  6  9  7 10  8],0.004391485224794045,[ 3  2  1  4  5  7  6  8  9 10],0.453125,0.4913816452026367,39.4375,40.9821400642395,1.0,0.8349042817910728,[ 1  2  3  4  5  6  9  7 10  8],0.8349042817910728,[ 1  2  3  4  5  7  9  6 10  8],0.5096180517404199,[ 3  2  7  1  6  5  4  8  9 10],0.359375,0.3566594123840332,38.09375,38.371180295944214
48,1.0,0.9956653781509247,[ 1  2  3  4  5  7  9  6 10  8],0.9956653781509247,[ 1  2  3  4  5  7  9  6 10  8],0.9885964536539726,[ 3  2  4  1  5  6  7  8  9 10],0.546875,0.5540633201599121,37.8125,38.326399087905884,0.9435964399939177,0.010800705211772899,[ 1  2  3  5  6  7  4  8 10  9],0.011320183083239233,[ 1  2  3  4  5  7  9  6 10  8],0.002110163867957149,[ 3  2  1  4  5  7  6  8  9 10],0.4375,0.5480515956878662,36.984375,37.90379071235657,0.8495574553562942,0.6861868427699098,[ 1  2  3  7  6  4  5 10  9  8],0.7587589453708905,[ 1  2  3  4  5  7  9  6 10  8],0.27636812452394355,[ 3  2  4  1  5  6  7  8  9 10],0.359375,0.3570444583892822,38.546875,39.87234830856323
49,1.0,0.9982343827533668,[ 1  2  3  4  6  7  5 10  9  8],0.9982343827533668,[ 1  2  3  6  5  7  4 10  9  8],0.994088246369013,[ 3  2  4  1  5  6  8  7  9 10],0.328125,0.37536025047302246,36.765625,37.63860034942627,0.999940549085731,0.017972884186186255,[ 1  2  3  4  6  7  5  8 10  9],0.017973625612616617,[ 1  2  3  5  6  7  4 10  9  8],0.005502388803573122,[ 3  2  1  6  7  5  4  8  9 10],0.28125,0.28024983406066895,36.796875,36.951476097106934,1.0,0.8992079304611836,[ 1  2  3  5  6  7  4 10  9  8],0.8992079304611836,[ 1  2  3  5  6  7  4 10  9  8],0.5961950715767583,[ 3  2  1  4  7  6  8  5  9 10],0.375,0.42140865325927734,39.671875,42.39062023162842
50,0.9304698801636827,0.9947013416321068,[ 1  2  7  3  5  6  4 10  9  8],0.9951385584263875,[ 1  2  7  3  5  6 10  4  9  8],0.9888503944578796,[ 3  2  1  4  5  6  8  7  9 10],0.359375,0.36002540588378906,36.53125,36.745489835739136,0.8977376175673503,0.009026224974163943,[ 1  2  3  5  6  7  4  9 10  8],0.009658782252989995,[ 1  3  7  2  5  6  4 10  9  8],0.0034731520752200318,[ 3  2  1  4  6  5  7  8  9 10],0.28125,0.2838399410247803,37.296875,38.06314206123352,0.9087900926924741,0.6311915249462392,[ 1  3  6  2  7  4  5  9  8 10],0.6598224274901616,[ 1  2  7  3  5  6  9  4 10  8],0.3459211925356114,[ 3  2  1  5  4  6  8  7  9 10],0.40625,0.42939019203186035,40.21875,42.15890073776245
51,1.0,0.9934707294224618,[ 3  2  1  6  4  7  5 10  9  8],0.9934707294224618,[ 1  2  3  6  4  7  5 10  9  8],0.9866290958843629,[ 3  2  4  1  5  6  7  8  9 10],0.421875,0.41759610176086426,37.203125,38.23273777961731,1.0,0.009166984555290525,[ 1  2  3  4  6  7  5 10  9  8],0.009166984555290525,[ 1  2  3  4  6  7  5 10  9  8],0.0018352489252103643,[ 3  2  1  4  5  6  7  8  9 10],0.28125,0.27786755561828613,36.84375,37.027403593063354,0.9700934768823596,0.5987377488440025,[ 1  2  3  6  4  7  5 10  9  8],0.6109748185153014,[ 1  2  3  4  7  5 10  6  9  8],0.2017975422681394,[ 3  2  1  4  5  7  6  8  9 10],0.375,0.43262696266174316,39.84375,41.81963849067688
